{
    "rmse": 0.7303801633792072,
    "mae": 0.5633524117318922,
    "r2": 0.21562243338062426
}