{
    "rmse": 0.6377610770360705,
    "mae": 0.5028391368620557,
    "r2": 0.26870952544466986
}